n_processors,cpu_memory,gpu_name,gpu_memory,data_type,size1,size2,operation,numpy,numexpr,numba_cpu,numba_paral,numba_gpu,pytorch
24,440.90975189208984,Tesla V100-PCIE-16GB,15.78173828125,<class 'numpy.float32'>,100,100,a*b,2.987131757134713e-06,0.0004546850882855194,3.0781821314199726e-06,2.1711546157062653e-05,0.0014689059048573004,8.485092691423363e-05
24,440.90975189208984,Tesla V100-PCIE-16GB,15.78173828125,<class 'numpy.float32'>,1000,1000,a*b,0.0003994075638573641,0.0005509132387134222,0.0004276636307144404,9.28257201714067e-05,0.005227682087133871,0.0009523596867142519
24,440.90975189208984,Tesla V100-PCIE-16GB,15.78173828125,<class 'numpy.float32'>,10000,10000,a*b,0.17534522141426612,0.03154633504278276,0.17578468248565124,0.03082487477139304,0.2837231542866253,0.1007043093856607
24,440.90975189208984,Tesla V100-PCIE-16GB,15.78173828125,<class 'numpy.float32'>,100000,10000,a*b,1.7354448185713929,0.2944207122860202,1.7409478180000275,0.28915328571331755,2.828428289143111,0.930100245142447
24,440.90975189208984,Tesla V100-PCIE-16GB,15.78173828125,<class 'numpy.float32'>,100000,100000,a*b,17.45532528000019,2.847748285856921,17.439471589857153,2.8781361737144056,OOM,OOM
