n_processors,cpu_memory,gpu_name,gpu_memory,data_type,size1,size2,operation,numpy,numexpr,numba_cpu,numba_paral,numba_gpu,pytorch
24,440.90975189208984,Tesla V100-PCIE-16GB,15.78173828125,<class 'numpy.float32'>,100,100,a*exp(b)*sin(c),0.00021517495485698287,0.00047714401842832943,0.00024692697157141605,4.486216859996993e-05,0.0019899224214277637,0.00017381985630241355
24,440.90975189208984,Tesla V100-PCIE-16GB,15.78173828125,<class 'numpy.float32'>,1000,1000,a*exp(b)*sin(c),0.021383786285722246,0.0013720472614285038,0.02445581019996358,0.0011566014062856474,0.007350393672854157,0.0014644619665731234
24,440.90975189208984,Tesla V100-PCIE-16GB,15.78173828125,<class 'numpy.float32'>,10000,10000,a*exp(b)*sin(c),2.3831087324282896,0.10039842750000909,2.5772207735722725,0.11285294645713294,0.3556431357142823,0.14903337714297646
24,440.90975189208984,Tesla V100-PCIE-16GB,15.78173828125,<class 'numpy.float32'>,100000,10000,a*exp(b)*sin(c),23.818135832286185,1.0197124159998825,25.803186465571862,1.1209558734273222,OOM,OOM
24,440.90975189208984,Tesla V100-PCIE-16GB,15.78173828125,<class 'numpy.float32'>,100000,100000,a*exp(b)*sin(c),238.69038650842828,9.864430603572796,258.55260184785794,11.205122575571295,OOM,OOM
