n_processors,cpu_memory,gpu_name,gpu_memory,data_type,size1,size2,operation,numpy,numexpr,numba_cpu,numba_gpu
24,440.9097557067871,Tesla V100-PCIE-16GB,15.78173828125,<class 'numpy.float32'>,100,100,a*b*c,6.4124899871447785e-06,0.00041419081571439164,5.187748427147848e-06,0.0018743201149999161
24,440.9097557067871,Tesla V100-PCIE-16GB,15.78173828125,<class 'numpy.float32'>,1000,1000,a*b*c,0.0007116139951431251,0.0006108094447141151,0.0005290857704286671,0.006705413462857125
24,440.9097557067871,Tesla V100-PCIE-16GB,15.78173828125,<class 'numpy.float32'>,10000,10000,a*b*c,0.25532521299984573,0.04212911611424975,0.21453310000002343,0.34459062757170095
24,440.9097557067871,Tesla V100-PCIE-16GB,15.78173828125,<class 'numpy.float32'>,100000,10000,a*b*c,2.504560864142799,0.40079889657187906,2.080107593714274,3.4073408494288224
24,440.9097557067871,Tesla V100-PCIE-16GB,15.78173828125,<class 'numpy.float32'>,100000,100000,a*b*c,25.455446619571376,3.727235563999784,20.779519485999895,OOM
