n_processors,cpu_memory,gpu_name,gpu_memory,data_type,size1,size2,operation,numpy,numexpr,numba_cpu,numba_gpu
24,440.9097557067871,Tesla V100-PCIE-16GB,15.78173828125,<class 'numpy.float32'>,100,100,a*sin(b),2.843816031428495e-06,0.00045649498714270265,3.2869647728577027e-06,0.0014307262778571125
24,440.9097557067871,Tesla V100-PCIE-16GB,15.78173828125,<class 'numpy.float32'>,1000,1000,a*sin(b),0.0003993028098572852,0.0005680668392859453,0.0004224954491427135,0.005331268412854634
24,440.9097557067871,Tesla V100-PCIE-16GB,15.78173828125,<class 'numpy.float32'>,10000,10000,a*sin(b),0.17555475381428293,0.03178630109999046,0.1758534776000098,0.2822005152858245
24,440.9097557067871,Tesla V100-PCIE-16GB,15.78173828125,<class 'numpy.float32'>,100000,10000,a*sin(b),1.7461110451428925,0.2847958195713675,1.7411120234286759,2.8053540890001125
24,440.9097557067871,Tesla V100-PCIE-16GB,15.78173828125,<class 'numpy.float32'>,100000,100000,a*sin(b),17.572412710285658,2.7968239947142917,17.473053003571426,OOM
