n_processors,cpu_memory,gpu_name,gpu_memory,data_type,size1,size2,operation,numpy,numexpr,numba_cpu,numba_gpu
24,440.9097557067871,Tesla V100-PCIE-16GB,15.78173828125,<class 'numpy.float32'>,100,100,a*exp(b),2.8729843385696894e-06,0.0004514190584283954,3.273442644285751e-06,0.0014292663090002733
24,440.9097557067871,Tesla V100-PCIE-16GB,15.78173828125,<class 'numpy.float32'>,1000,1000,a*exp(b),0.00039762967600004884,0.0005760214457144944,0.00042216631371450476,0.005054830298574545
24,440.9097557067871,Tesla V100-PCIE-16GB,15.78173828125,<class 'numpy.float32'>,10000,10000,a*exp(b),0.17606525328569012,0.031989689228560436,0.17495479647142412,0.28139529342856157
24,440.9097557067871,Tesla V100-PCIE-16GB,15.78173828125,<class 'numpy.float32'>,100000,10000,a*exp(b),1.7401257955712677,0.29025363471425536,1.731988105428692,2.778910067142923
24,440.9097557067871,Tesla V100-PCIE-16GB,15.78173828125,<class 'numpy.float32'>,100000,100000,a*exp(b),17.49953102757133,2.8272297931427084,17.461842810714188,OOM
