n_processors,cpu_memory,gpu_name,gpu_memory,data_type,size1,size2,operation,numpy,numexpr,numba_cpu,numba_paral,numba_gpu,pytorch
24,440.90975189208984,Tesla V100-PCIE-16GB,15.78173828125,<class 'numpy.float32'>,100,100,a*sin(b),8.316231904287373e-05,0.0004706603919995749,9.897592167144466e-05,3.065217034283186e-05,0.0014532517035711083,0.0001006364071428834
24,440.90975189208984,Tesla V100-PCIE-16GB,15.78173828125,<class 'numpy.float32'>,1000,1000,a*sin(b),0.008509979234290118,0.0008002521891425463,0.01075968549714162,0.0005327208404284778,0.005180610324283147,0.0009662554287138586
24,440.90975189208984,Tesla V100-PCIE-16GB,15.78173828125,<class 'numpy.float32'>,10000,10000,a*sin(b),0.9812918034294853,0.04574554689991471,1.1744664499991424,0.05176699802858431,0.28607839371501803,0.10084118415720046
24,440.90975189208984,Tesla V100-PCIE-16GB,15.78173828125,<class 'numpy.float32'>,100000,10000,a*sin(b),9.929281715857153,0.427062691142055,11.722497981714175,0.5094462405717682,2.829140944143416,OOM
24,440.90975189208984,Tesla V100-PCIE-16GB,15.78173828125,<class 'numpy.float32'>,100000,100000,a*sin(b),98.50450994314295,4.18694622242817,117.06101147671454,5.07823613628664,OOM,OOM
