n_processors,cpu_memory,gpu_name,gpu_memory,data_type,size1,size2,operation,numpy,numexpr,numba_cpu,numba_gpu,pytorch
24,440.90975189208984,Tesla V100-PCIE-16GB,15.78173828125,<class 'numpy.float32'>,100,100,a*b*c,6.464026218571754e-06,0.00044929349028578666,5.676793847140808e-06,0.0018813094286867585,7.77269639428596e-05
24,440.90975189208984,Tesla V100-PCIE-16GB,15.78173828125,<class 'numpy.float32'>,1000,1000,a*b*c,0.0007129314922857313,0.0006264775219999916,0.0005297740238573689,0.006384324315716055,0.0009455658921424402
24,440.90975189208984,Tesla V100-PCIE-16GB,15.78173828125,<class 'numpy.float32'>,10000,10000,a*b*c,0.2568606435710795,0.04384491037140573,0.20798630542867613,0.3228037311429424,0.09466351931430057
24,440.90975189208984,Tesla V100-PCIE-16GB,15.78173828125,<class 'numpy.float32'>,100000,10000,a*b*c,2.5300688950002432,0.4067240268571238,2.0737399060002906,OOM,0.9416879449997525
24,440.90975189208984,Tesla V100-PCIE-16GB,15.78173828125,<class 'numpy.float32'>,100000,100000,a*b*c,25.632265304714174,3.8640156865712925,20.689618044857134,OOM,OOM
