n_processors,cpu_memory,gpu_name,gpu_memory,data_type,size1,size2,operation,numpy,numexpr,numba_cpu,numba_gpu
24,440.90975189208984,Tesla V100-PCIE-16GB,15.78173828125,<class 'numpy.int16'>,100,100,a*b,2.102173068571054e-06,0.0004638592781422111,1.8948957034299383e-06,0.0014346494391419193
24,440.90975189208984,Tesla V100-PCIE-16GB,15.78173828125,<class 'numpy.int16'>,1000,1000,a*b,0.0002130552228554734,0.0005725003262850805,0.00021359301557198965,0.00461904526143501
24,440.90975189208984,Tesla V100-PCIE-16GB,15.78173828125,<class 'numpy.int16'>,10000,10000,a*b,0.08945024718601156,0.021387157599799266,0.08804341008570711,0.1450476924429365
24,440.90975189208984,Tesla V100-PCIE-16GB,15.78173828125,<class 'numpy.int16'>,100000,10000,a*b,0.899621196285547,0.15726691917142097,0.9270136668575495,1.434255865572985
24,440.90975189208984,Tesla V100-PCIE-16GB,15.78173828125,<class 'numpy.int16'>,100000,100000,a*b,8.922588167997933,1.6715757315718551,8.855292670426675,OOM
