n_processors,cpu_memory,gpu_name,gpu_memory,data_type,size1,size2,operation,numpy,numexpr,numba_cpu,numba_gpu,pytorch
24,440.90975189208984,Tesla V100-PCIE-16GB,15.78173828125,<class 'numpy.float32'>,100,100,a*sin(b),3.0429509814270468e-06,0.00046869145928550484,3.085531941429248e-06,0.001448389068999989,7.831865549999618e-05
24,440.90975189208984,Tesla V100-PCIE-16GB,15.78173828125,<class 'numpy.float32'>,1000,1000,a*sin(b),0.0004007217732857628,0.0005562703384286059,0.0004281853741428806,0.004788380401428835,0.0009465599031429
24,440.90975189208984,Tesla V100-PCIE-16GB,15.78173828125,<class 'numpy.float32'>,10000,10000,a*sin(b),0.175495497357146,0.03155957509999488,0.172847165528544,0.25844179857163646,0.09418561889999962
24,440.90975189208984,Tesla V100-PCIE-16GB,15.78173828125,<class 'numpy.float32'>,100000,10000,a*sin(b),1.7254022387145855,0.28565062599994107,1.7560810279998935,2.663610499285564,0.9563363498572082
24,440.90975189208984,Tesla V100-PCIE-16GB,15.78173828125,<class 'numpy.float32'>,100000,100000,a*sin(b),17.43876769014293,2.7671249662858566,17.360332666428544,OOM,OOM
