n_processors,cpu_memory,gpu_name,gpu_memory,data_type,size1,size2,operation,numpy,numexpr,numba_cpu,numba_gpu
24,440.9097557067871,Tesla V100-PCIE-16GB,15.78173828125,<class 'numpy.float32'>,100,100,a*b,2.8672521114283103e-06,0.00046972567971426674,3.0611844642856208e-06,0.0014349028571294703
24,440.9097557067871,Tesla V100-PCIE-16GB,15.78173828125,<class 'numpy.float32'>,1000,1000,a*b,0.00039909277971433507,0.0005769388228571058,0.0004226393534285892,0.005111762310000033
24,440.9097557067871,Tesla V100-PCIE-16GB,15.78173828125,<class 'numpy.float32'>,10000,10000,a*b,0.17734657241428198,0.03183282969999774,0.17558655775714152,0.27919462828569
24,440.9097557067871,Tesla V100-PCIE-16GB,15.78173828125,<class 'numpy.float32'>,100000,10000,a*b,1.735278649000033,0.2919964467142628,1.732133062428602,2.814693755714253
24,440.9097557067871,Tesla V100-PCIE-16GB,15.78173828125,<class 'numpy.float32'>,100000,100000,a*b,17.586249293857172,2.7011246449999686,17.506866436571404,OOM
