n_processors,cpu_memory,gpu_name,gpu_memory,data_type,size1,size2,operation,numpy,numexpr,numba_cpu,numba_gpu,pytorch
24,440.90975189208984,Tesla V100-PCIE-16GB,15.78173828125,<class 'numpy.float32'>,100,100,a*b*c*d*e,1.3314335137142084e-05,0.00046685892700004065,9.486397272855487e-06,0.002813677330002195,7.812552372857421e-05
24,440.90975189208984,Tesla V100-PCIE-16GB,15.78173828125,<class 'numpy.float32'>,1000,1000,a*b*c*d*e,0.0013523419867142365,0.0006516142775714927,0.0007518953235712615,0.009415570445714495,0.0009352954792858717
24,440.90975189208984,Tesla V100-PCIE-16GB,15.78173828125,<class 'numpy.float32'>,10000,10000,a*b*c*d*e,0.4178540187142841,0.06475651068571356,0.28613329128568565,0.4414985505714607,0.09511444592857775
24,440.90975189208984,Tesla V100-PCIE-16GB,15.78173828125,<class 'numpy.float32'>,100000,10000,a*b*c*d*e,4.077511876714327,0.631055496285366,2.8118292300002525,OOM,0.9488148807143132
24,440.90975189208984,Tesla V100-PCIE-16GB,15.78173828125,<class 'numpy.float32'>,100000,100000,a*b*c*d*e,46.99647830357156,5.077069783285489,37.74534277514327,OOM,OOM
