n_processors,cpu_memory,gpu_name,gpu_memory,data_type,size1,size2,operation,numpy,numexpr,numba_cpu,numba_gpu,pytorch
24,440.90975189208984,Tesla V100-PCIE-16GB,15.78173828125,<class 'numpy.float32'>,100,100,a*b,3.045885471429496e-06,0.0004575765387142902,3.0989484514287014e-06,0.0014751817551428498,8.01050435856983e-05
24,440.90975189208984,Tesla V100-PCIE-16GB,15.78173828125,<class 'numpy.float32'>,1000,1000,a*b,0.00039699770428569536,0.0005653649115713182,0.0004287809088571391,0.004793813258571131,0.0009438266607142265
24,440.90975189208984,Tesla V100-PCIE-16GB,15.78173828125,<class 'numpy.float32'>,10000,10000,a*b,0.17558790781430228,0.03153449689999823,0.1770340029428488,0.26488750714276776,0.09466861130000066
24,440.90975189208984,Tesla V100-PCIE-16GB,15.78173828125,<class 'numpy.float32'>,100000,10000,a*b,1.7425319677143176,0.28743536971426564,1.7483348917143562,2.673609233142867,0.9540179944286008
24,440.90975189208984,Tesla V100-PCIE-16GB,15.78173828125,<class 'numpy.float32'>,100000,100000,a*b,17.41499249328581,2.741685099142939,17.431798834142814,OOM,OOM
