n_processors,cpu_memory,gpu_name,gpu_memory,data_type,size1,size2,operation,numpy,numexpr,numba_cpu,numba_paral,numba_gpu,pytorch
24,440.90975189208984,Tesla V100-PCIE-16GB,15.78173828125,<class 'numpy.float32'>,100,100,a*exp(b),8.917235815715685e-05,0.00046339296314337324,0.00010645946105713457,3.1168423499963997e-05,0.0014637198821422187,0.00010251934371418819
24,440.90975189208984,Tesla V100-PCIE-16GB,15.78173828125,<class 'numpy.float32'>,1000,1000,a*exp(b),0.008706716332864224,0.0008437514447146636,0.010515943800003567,0.0005232509011433909,0.005160149144285242,0.0009690882581427494
24,440.90975189208984,Tesla V100-PCIE-16GB,15.78173828125,<class 'numpy.float32'>,10000,10000,a*exp(b),1.0017973611434823,0.04764318785710202,1.1454509152858268,0.051388816214239345,0.2868888848575547,0.10265677987138458
24,440.90975189208984,Tesla V100-PCIE-16GB,15.78173828125,<class 'numpy.float32'>,100000,10000,a*exp(b),10.033744361428294,0.4521159338567356,11.474778997713916,0.5055008477143669,2.8392534427153544,OOM
24,440.90975189208984,Tesla V100-PCIE-16GB,15.78173828125,<class 'numpy.float32'>,100000,100000,a*exp(b),100.23663710071352,4.384261509571453,114.72585597471387,5.04238381214392,OOM,OOM
