n_processors,cpu_memory,gpu_name,gpu_memory,data_type,size1,size2,operation,numpy,numexpr,numba_cpu,numba_gpu
24,440.9097557067871,Tesla V100-PCIE-16GB,15.78173828125,<class 'numpy.float32'>,100,100,a*exp(b)*sin(c),0.00021543800671471608,0.00047155348785729855,0.00024377982014240322,0.0018910060882855238
24,440.9097557067871,Tesla V100-PCIE-16GB,15.78173828125,<class 'numpy.float32'>,1000,1000,a*exp(b)*sin(c),0.021249865214278022,0.001345897794571491,0.02441082470000505,0.006708680931434563
24,440.9097557067871,Tesla V100-PCIE-16GB,15.78173828125,<class 'numpy.float32'>,10000,10000,a*exp(b)*sin(c),2.394257359285153,0.09868702881425893,2.6065998092856586,0.34488680914312553
24,440.9097557067871,Tesla V100-PCIE-16GB,15.78173828125,<class 'numpy.float32'>,100000,10000,a*exp(b)*sin(c),24.050353823856703,0.9652101279999832,25.900560946428023,3.435679279999801
24,440.9097557067871,Tesla V100-PCIE-16GB,15.78173828125,<class 'numpy.float32'>,100000,100000,a*exp(b)*sin(c),264.15686427157146,9.863348285000288,274.2337177021431,OOM
