n_processors,cpu_memory,gpu_name,gpu_memory,data_type,size1,size2,operation,numpy,numexpr,numba_cpu,numba_gpu
24,440.9097557067871,Tesla V100-PCIE-16GB,15.78173828125,<class 'numpy.float32'>,100,100,a*b*c*d*e,1.3581210032856947e-05,0.00046468317585666747,8.282319437143347e-06,0.0028059603900016687
24,440.9097557067871,Tesla V100-PCIE-16GB,15.78173828125,<class 'numpy.float32'>,1000,1000,a*b*c*d*e,0.0013337169801429158,0.0006419563641427106,0.0007270283627143986,0.00989134470429105
24,440.9097557067871,Tesla V100-PCIE-16GB,15.78173828125,<class 'numpy.float32'>,10000,10000,a*b*c*d*e,0.4125056517142574,0.06698089989996724,0.2844813708574553,0.464562417428689
24,440.9097557067871,Tesla V100-PCIE-16GB,15.78173828125,<class 'numpy.float32'>,100000,10000,a*b*c*d*e,4.1152933948573525,0.6377878464287018,2.786389794571213,OOM
24,440.9097557067871,Tesla V100-PCIE-16GB,15.78173828125,<class 'numpy.float32'>,100000,100000,a*b*c*d*e,47.78345681300016,6.025674656142655,32.410866868571766,OOM
